<?xml version="1.0" encoding="UTF-8"?><inscriptions><inscription><codePermanent>GAGM02068504</codePermanent><programme>7316</programme><cours>LIN1009-20</cours><cours>MET6910-20</cours><cours>SEX1106-30</cours></inscription><inscription><codePermanent>GAGM02068504</codePermanent><programme>7316</programme><cours>LIN1009-20</cours><cours>MET6910-20</cours><cours>SEX1106-30</cours></inscription><inscription><codePermanent>GAGM02068504</codePermanent><programme>7316</programme><cours>LIN1009-20</cours><cours>MET6910-20</cours></inscription></inscriptions>